Schedule,Total Return,CAGR,Annual Vol,Sharpe,Max Drawdown,Calmar,Avg Turnover/Rebalance,Num Rebalances
Quarterly,0.4176889424226202,0.3536555788628686,0.2058140152894795,1.5826967426550842,-0.12119082394495706,2.918171255469748,0.9516456192306566,4
Weekly,0.39244140739402256,0.33271591972199177,0.20573726993559702,1.508822690567505,-0.15812129967627842,2.104181539129521,0.6151293704475992,53
Monthly,0.37491750752320674,0.3181525118868307,0.2041445286336605,1.4629927520649517,-0.1274360377541196,2.496566257817019,0.8247991513556244,8
