Schedule,Total Return,CAGR,Annual Vol,Sharpe,Max Drawdown,Calmar,Avg Turnover/Rebalance,Num Rebalances,Avg BUY NOW Count,Avg WAIT Count,Avg DO NOT BUY Count,Avg SGOV Weight
QQQ,0.4617564030306005,0.18721791109604413,0.2053132776123315,0.9402093067031334,-0.22768312561427684,0.8222739853510894,0.0,0,,,,
SPY,0.40996164464483087,0.16801380954819756,0.16030775165511552,1.051125505095898,-0.1875522545898165,0.8958239927088575,0.0,0,,,,
Weekly,0.39346306479562654,0.16181562294930507,0.18714899289156292,0.8987967866919888,-0.18126142029920933,0.8927196017894764,0.7356190010202298,113,8.353982300884956,1.5663716814159292,0.017699115044247787,0.00884955752212391
Monthly,0.37785276842595295,0.15591401414846073,0.19648896905081376,0.8381167188832502,-0.20260839696176514,0.7695338223217064,0.9257719256077955,17,7.882352941176471,2.1176470588235294,0.0,-2.90022391625372e-33
DIA,0.2534442732381239,0.107509861477038,0.14194151240432418,0.7920659330657035,-0.15954323739813958,0.6738603480180582,0.0,0,,,,
Quarterly,0.2227092829754771,0.09515039757435573,0.16913319795082876,0.6238821307785354,-0.16423079088720105,0.5793700259271604,0.9677637461927054,6,8.666666666666666,1.3333333333333333,0.0,-1.850371707708595e-17
