Schedule,Total Return,CAGR,Annual Vol,Sharpe,Max Drawdown,Calmar,Avg Turnover/Rebalance,Num Rebalances
Quarterly,0.4176887398159135,0.3536554110253014,0.2058139970647046,1.5826962583289874,-0.1211907913411745,2.9181706556374896,0.9516456194052252,4
Weekly,0.3924416237090427,0.33271609934230795,0.20573723971422012,1.5088235413715079,-0.1581212527067274,2.104183300137441,0.6151293695363456,53
Monthly,0.37491762517345184,0.3181526097433991,0.2041445189758055,1.4629931774732245,-0.12743600514726805,2.4965676644974426,0.8247991505582676,8
