Schedule,Total Return,CAGR,Annual Vol,Sharpe,Max Drawdown,Calmar,Avg Turnover/Rebalance,Num Rebalances,Avg BUY NOW Count,Avg WAIT Count,Avg DO NOT BUY Count,Avg SGOV Weight
Weekly,0.2559222271460473,1.9473413090181544,0.20278513444712923,5.353813897195411,-0.055495204686829114,35.0902626633671,0.75,10,2.4545454545454546,2.5454545454545454,0.0,0.09090909090909091
SPY,-0.04805353103209542,-0.20832235029391966,0.1239975022527663,-1.7915615374129836,-0.06491642418038279,-3.2090854190467404,0.0,0,,,,
QQQ,-0.05065892126492655,-0.21854781839503146,0.16408897015863708,-1.397080568763787,-0.0807933664627214,-2.705021810124361,0.0,0,,,,
DIA,-0.053805974601880524,-0.23075987542957233,0.13585833431087316,-1.8321138123561527,-0.08857899848289752,-2.6051307802280754,0.0,0,,,,
