Schedule,Total Return,CAGR,Annual Vol,Sharpe,Max Drawdown,Calmar,Avg Turnover/Rebalance,Num Rebalances,Avg BUY NOW Count,Avg WAIT Count,Avg DO NOT BUY Count,Avg SGOV Weight
Weekly,0.9255785785471751,0.3447255519882517,0.191920658727564,1.6442240151059255,-0.14841661722100852,2.3226883784510317,0.7876106194690266,112,3.150442477876106,1.6814159292035398,0.017699115044247787,0.02654867256637168
QQQ,0.4617564030306036,0.18721791109604524,0.20531324324558303,0.9402094293763736,-0.2276831565773456,0.8222738735284794,0.0,0,,,,
SPY,0.4099616446448293,0.1680138095481971,0.1603077615303172,1.0511254483200092,-0.18755233666641313,0.8958236006786314,0.0,0,,,,
Monthly,0.39064887090165623,0.16075437926607394,0.14469786304961743,1.105607480852587,-0.12859552667321894,1.2500775371026367,0.10608465608465609,15,1.6984126984126984,2.515873015873016,0.47619047619047616,0.49206349206349204
DIA,0.25344427323812524,0.10750986147703845,0.14194168472876095,0.7920651365846443,-0.15954331762754537,0.6738600091545089,0.0,0,,,,
Quarterly,0.15025141977957923,0.06532199514916504,0.11258069754928476,0.6199163389664964,-0.10115958783201862,0.6457321203961014,0.05042016806722689,6,0.7647058823529411,2.033613445378151,0.48739495798319327,0.773109243697479
