Schedule,Total Return,CAGR,Annual Vol,Sharpe,Max Drawdown,Calmar,Avg Turnover/Rebalance,Num Rebalances,Avg BUY NOW Count,Avg WAIT Count,Avg DO NOT BUY Count,Avg SGOV Weight
Weekly,2.140282458037659,0.2022617779283442,0.20300451785247595,1.0116497770870139,-0.3179732774137528,0.6360967801239391,0.7142250530785562,289,2.7261146496815285,1.9554140127388535,0.10191082802547771,0.11146496815286625
QQQ,1.7905808502043308,0.17962846275836664,0.2505036657036667,0.7865564985530429,-0.35118711772030964,0.5114893277532614,0.0,0,,,,
SPY,1.1845605287349068,0.1340410956487057,0.20511836498299138,0.7175557297352348,-0.33717286168301785,0.3975441409478563,0.0,0,,,,
Monthly,1.1086154657015999,0.12760022693899087,0.16709591459937015,0.8044528540583431,-0.2677142192880436,0.47662850063896334,0.10277777777777777,42,1.42090395480226,2.711864406779661,0.5734463276836158,0.3926553672316384
Quarterly,0.7762889974190856,0.09689537606301113,0.13906708053493835,0.7368505773280587,-0.24021383567061128,0.40337133701106664,0.041033434650455926,14,0.7811550151975684,2.7537993920972643,0.7446808510638298,0.5653495440729484
DIA,0.7697090144062326,0.09624027546819836,0.1985924103472627,0.5635480286735439,-0.36696055301019703,0.2622632723837323,0.0,0,,,,
